<?xml version="1.0" encoding="UTF-8"?>
<project-private xmlns="http://www.netbeans.org/ns/project-private/1">
    <editor-bookmarks xmlns="http://www.netbeans.org/ns/editor-bookmarks/2" lastBookmarkId="0"/>
    <open-files xmlns="http://www.netbeans.org/ns/projectui-open-files/2">
        <group>
            <file>file:/C:/Users/USER/Documents/Advanced_Java/Virtual_e_classroom/web/student.jsp</file>
            <file>file:/C:/Users/USER/Documents/Advanced_Java/Virtual_e_classroom/src/java/db/DAO.java</file>
            <file>file:/C:/Users/USER/Documents/Advanced_Java/Virtual_e_classroom/web/mat.jsp</file>
            <file>file:/C:/Users/USER/Documents/Advanced_Java/Virtual_e_classroom/web/SUDownloadFile.jsp</file>
            <file>file:/C:/Users/USER/Documents/Advanced_Java/Virtual_e_classroom/web/DownloadFile.jsp</file>
        </group>
    </open-files>
</project-private>
